Date1,UK2Y,Date2,US2Y,Date3,GBPUSD
09/07/2012,0.933,09/07/2012,0.521,09/07/2012,1.552553951
10/07/2012,0.9401,10/07/2012,0.5235,10/07/2012,1.551831161
11/07/2012,0.9122,11/07/2012,0.5003,11/07/2012,1.550387597
12/07/2012,0.8732,12/07/2012,0.4805,12/07/2012,1.542971764
13/07/2012,0.8968,13/07/2012,0.4635,13/07/2012,1.557389815
16/07/2012,0.8947,16/07/2012,0.4645,16/07/2012,1.563477173
17/07/2012,0.9094,17/07/2012,0.475,17/07/2012,1.565435191
18/07/2012,0.8488,18/07/2012,0.4615,18/07/2012,1.565190171
19/07/2012,0.8549,19/07/2012,0.4455,19/07/2012,1.572574304
20/07/2012,0.8133,20/07/2012,0.4425,20/07/2012,1.562255898
23/07/2012,0.8023,23/07/2012,0.4475,23/07/2012,1.550868486
24/07/2012,0.8148,24/07/2012,0.44,24/07/2012,1.550628004
25/07/2012,0.8025,25/07/2012,0.4345,25/07/2012,1.549907006
26/07/2012,0.8092,26/07/2012,0.441,26/07/2012,1.568627451
27/07/2012,0.839,27/07/2012,0.4405,27/07/2012,1.57480315
30/07/2012,0.7913,30/07/2012,0.418,30/07/2012,1.571091909
31/07/2012,0.7678,31/07/2012,0.415,31/07/2012,1.567889621
01/08/2012,0.7978,01/08/2012,0.434,01/08/2012,1.55351872
02/08/2012,0.8059,02/08/2012,0.4355,02/08/2012,1.551349674
03/08/2012,0.8257,03/08/2012,0.446,03/08/2012,1.564210856
06/08/2012,0.7757,06/08/2012,0.4355,06/08/2012,1.56030582
07/08/2012,0.8072,07/08/2012,0.46,07/08/2012,1.562255898
08/08/2012,0.8423,08/08/2012,0.47,08/08/2012,1.565680288
09/08/2012,0.857,09/08/2012,0.475,09/08/2012,1.563966218
10/08/2012,0.8375,10/08/2012,0.4695,10/08/2012,1.568873549
13/08/2012,0.855,13/08/2012,0.4655,13/08/2012,1.56838143
14/08/2012,0.855,14/08/2012,0.474,14/08/2012,1.567643831
15/08/2012,0.8518,15/08/2012,0.492,15/08/2012,1.56838143
16/08/2012,0.8752,16/08/2012,0.497,16/08/2012,1.573316551
17/08/2012,0.862,17/08/2012,0.4955,17/08/2012,1.569858713
20/08/2012,0.874,20/08/2012,0.491,20/08/2012,1.571091909
21/08/2012,0.897,21/08/2012,0.4955,21/08/2012,1.578781181
22/08/2012,0.8776,22/08/2012,0.4525,22/08/2012,1.588057805
23/08/2012,0.861,23/08/2012,0.445,23/08/2012,1.586042823
24/08/2012,0.8174,24/08/2012,0.451,24/08/2012,1.581027668
27/08/2012,0.8175,27/08/2012,0.45,27/08/2012,1.579279848
28/08/2012,0.7886,28/08/2012,0.437,28/08/2012,1.581777918
29/08/2012,0.8004,29/08/2012,0.4445,29/08/2012,1.583280557
30/08/2012,0.772,30/08/2012,0.4275,30/08/2012,1.578531965
31/08/2012,0.7689,31/08/2012,0.401,31/08/2012,1.586546089
03/09/2012,0.7588,03/09/2012,0.3981,03/09/2012,1.588562351
04/09/2012,0.7698,04/09/2012,0.3955,04/09/2012,1.587049675
05/09/2012,0.7766,05/09/2012,0.4025,05/09/2012,1.590330789
06/09/2012,0.8025,06/09/2012,0.425,06/09/2012,1.593117731
07/09/2012,0.8051,07/09/2012,0.4035,07/09/2012,1.600768369
10/09/2012,0.8375,10/09/2012,0.396,10/09/2012,1.598976655
11/09/2012,0.8283,11/09/2012,0.3955,11/09/2012,1.606941989
12/09/2012,0.8526,12/09/2012,0.398,12/09/2012,1.610824742
13/09/2012,0.8282,13/09/2012,0.374,13/09/2012,1.615508885
14/09/2012,0.8441,14/09/2012,0.376,14/09/2012,1.621533971
17/09/2012,0.841,17/09/2012,0.3745,17/09/2012,1.624959376
18/09/2012,0.817,18/09/2012,0.3865,18/09/2012,1.624431449
19/09/2012,0.79,19/09/2012,0.3895,19/09/2012,1.622060016
20/09/2012,0.77,20/09/2012,0.393,20/09/2012,1.621533971
21/09/2012,0.7822,21/09/2012,0.389,21/09/2012,1.622849724
24/09/2012,0.7845,24/09/2012,0.396,24/09/2012,1.622060016
25/09/2012,0.7882,25/09/2012,0.403,25/09/2012,1.618646811
26/09/2012,0.803,26/09/2012,0.4215,26/09/2012,1.616553508
27/09/2012,0.788,27/09/2012,0.3995,27/09/2012,1.623640201
28/09/2012,0.7223,28/09/2012,0.3665,28/09/2012,1.616814875
01/10/2012,0.725,01/10/2012,0.365,01/10/2012,1.613163413
02/10/2012,0.708,02/10/2012,0.3795,02/10/2012,1.613163413
03/10/2012,0.6827,03/10/2012,0.369,03/10/2012,1.607458608
04/10/2012,0.6821,04/10/2012,0.3815,04/10/2012,1.619170984
05/10/2012,0.686,05/10/2012,0.4,05/10/2012,1.613684041
08/10/2012,0.644,08/10/2012,0.3935,08/10/2012,1.602564103
09/10/2012,0.6524,09/10/2012,0.384,09/10/2012,1.600512164
10/10/2012,0.669,10/10/2012,0.384,10/10/2012,1.600768369
11/10/2012,0.6736,11/10/2012,0.3855,11/10/2012,1.604621309
12/10/2012,0.676,12/10/2012,0.38,12/10/2012,1.606941989
15/10/2012,0.6852,15/10/2012,0.367,15/10/2012,1.606941989
16/10/2012,0.7102,16/10/2012,0.3615,16/10/2012,1.61108426
17/10/2012,0.705,17/10/2012,0.3855,17/10/2012,1.614726304
18/10/2012,0.712,18/10/2012,0.398,18/10/2012,1.60436387
19/10/2012,0.7124,19/10/2012,0.4,19/10/2012,1.600256041
22/10/2012,0.702,22/10/2012,0.4035,22/10/2012,1.601537476
23/10/2012,0.6768,23/10/2012,0.3955,23/10/2012,1.595405233
24/10/2012,0.6779,24/10/2012,0.3885,24/10/2012,1.603849238
25/10/2012,0.708,25/10/2012,0.418,25/10/2012,1.611863314
26/10/2012,0.69,26/10/2012,0.402,26/10/2012,1.610565308
29/10/2012,0.67,29/10/2012,0.392,29/10/2012,1.603334937
30/10/2012,0.685,30/10/2012,0.4095,30/10/2012,1.607200257
31/10/2012,0.6938,31/10/2012,0.3945,31/10/2012,1.612903226
01/11/2012,0.687,01/11/2012,0.3825,01/11/2012,1.612903226
02/11/2012,0.685,02/11/2012,0.389,02/11/2012,1.602307323
05/11/2012,0.6671,05/11/2012,0.373,05/11/2012,1.597954618
06/11/2012,0.673,06/11/2012,0.402,06/11/2012,1.599488164
07/11/2012,0.6505,07/11/2012,0.3775,07/11/2012,1.598465473
08/11/2012,0.66,08/11/2012,0.3735,08/11/2012,1.598465473
09/11/2012,0.65,09/11/2012,0.3805,09/11/2012,1.589572405
12/11/2012,0.643,12/11/2012,0.377,12/11/2012,1.587805653
13/11/2012,0.6414,13/11/2012,0.3715,13/11/2012,1.587049675
14/11/2012,0.66,14/11/2012,0.367,14/11/2012,1.584032948
15/11/2012,0.642,15/11/2012,0.377,15/11/2012,1.586546089
16/11/2012,0.6525,16/11/2012,0.376,16/11/2012,1.588310038
19/11/2012,0.663,19/11/2012,0.374,19/11/2012,1.59083678
20/11/2012,0.688,20/11/2012,0.379,20/11/2012,1.592610288
21/11/2012,0.725,21/11/2012,0.392,21/11/2012,1.595405233
22/11/2012,0.722,22/11/2012,0.3995,22/11/2012,1.593879503
23/11/2012,0.738,23/11/2012,0.401,23/11/2012,1.602820965
26/11/2012,0.7487,26/11/2012,0.4,26/11/2012,1.602564103
27/11/2012,0.747,27/11/2012,0.389,27/11/2012,1.602050625
28/11/2012,0.714,28/11/2012,0.378,28/11/2012,1.601281025
29/11/2012,0.7292,29/11/2012,0.377,29/11/2012,1.604106513
30/11/2012,0.733,30/11/2012,0.3705,30/11/2012,1.601281025
03/12/2012,0.7375,03/12/2012,0.372,03/12/2012,1.609269392
04/12/2012,0.725,04/12/2012,0.364,04/12/2012,1.610046691
05/12/2012,0.7007,05/12/2012,0.361,05/12/2012,1.609528408
06/12/2012,0.6804,06/12/2012,0.357,06/12/2012,1.605136437
07/12/2012,0.652,07/12/2012,0.357,07/12/2012,1.604106513
10/12/2012,0.6572,10/12/2012,0.354,10/12/2012,1.607717042
11/12/2012,0.668,11/12/2012,0.355,11/12/2012,1.611343861
12/12/2012,0.6541,12/12/2012,0.354,12/12/2012,1.614726304
13/12/2012,0.663,13/12/2012,0.363,13/12/2012,1.611343861
14/12/2012,0.67,14/12/2012,0.358,14/12/2012,1.617337862
17/12/2012,0.678,17/12/2012,0.38,17/12/2012,1.620482904
18/12/2012,0.693,18/12/2012,0.395,18/12/2012,1.625223468
19/12/2012,0.713,19/12/2012,0.398,19/12/2012,1.62469537
20/12/2012,0.724,20/12/2012,0.401,20/12/2012,1.627869119
21/12/2012,0.7025,21/12/2012,0.4105,21/12/2012,1.617076326
24/12/2012,0.7175,24/12/2012,0.41,24/12/2012,1.612123166
25/12/2012,0.7175,25/12/2012,0.414,25/12/2012,1.612643122
26/12/2012,0.7175,26/12/2012,0.412,26/12/2012,1.613684041
27/12/2012,0.697,27/12/2012,0.4045,27/12/2012,1.610046691
28/12/2012,0.705,28/12/2012,0.3945,28/12/2012,1.615769914
31/12/2012,0.71,31/12/2012,0.392,31/12/2012,1.624959376
01/01/2013,0.71,01/01/2013,0.395,01/01/2013,1.62469537
02/01/2013,0.738,02/01/2013,0.385,02/01/2013,1.625487646
03/01/2013,0.743,03/01/2013,0.3975,03/01/2013,1.610824742
04/01/2013,0.763,04/01/2013,0.402,04/01/2013,1.606941989
07/01/2013,0.763,07/01/2013,0.394,07/01/2013,1.611603546
08/01/2013,0.733,08/01/2013,0.386,08/01/2013,1.605651895
09/01/2013,0.719,09/01/2013,0.377,09/01/2013,1.602307323
10/01/2013,0.749,10/01/2013,0.3875,10/01/2013,1.616814875
11/01/2013,0.7475,11/01/2013,0.384,11/01/2013,1.613423685
14/01/2013,0.74,14/01/2013,0.3795,14/01/2013,1.607717042
15/01/2013,0.731,15/01/2013,0.375,15/01/2013,1.606425703
16/01/2013,0.718,16/01/2013,0.374,16/01/2013,1.600768369
17/01/2013,0.754,17/01/2013,0.4055,17/01/2013,1.599232368
18/01/2013,0.745,18/01/2013,0.397,18/01/2013,1.586797842
21/01/2013,0.754,21/01/2013,0.3995,21/01/2013,1.583029919
22/01/2013,0.745,22/01/2013,0.3935,22/01/2013,1.584032948
23/01/2013,0.719,23/01/2013,0.387,23/01/2013,1.584534939
24/01/2013,0.711,24/01/2013,0.3945,24/01/2013,1.579030475
25/01/2013,0.7413,25/01/2013,0.432,25/01/2013,1.580028441
28/01/2013,0.738,28/01/2013,0.4421,28/01/2013,1.569365976
29/01/2013,0.726,29/01/2013,0.438,29/01/2013,1.57629256
30/01/2013,0.746,30/01/2013,0.426,30/01/2013,1.580028441
31/01/2013,0.753,31/01/2013,0.434,31/01/2013,1.58579131
01/02/2013,0.747,01/02/2013,0.423,01/02/2013,1.569365976
04/02/2013,0.73,04/02/2013,0.4208,04/02/2013,1.576044129
05/02/2013,0.7244,05/02/2013,0.43,05/02/2013,1.565925462
06/02/2013,0.704,06/02/2013,0.412,06/02/2013,1.566170713
07/02/2013,0.704,07/02/2013,0.408,07/02/2013,1.571338781
08/02/2013,0.694,08/02/2013,0.4055,08/02/2013,1.580278129
11/02/2013,0.6829,11/02/2013,0.4163,11/02/2013,1.565925462
12/02/2013,0.698,12/02/2013,0.4224,12/02/2013,1.566170713
13/02/2013,0.722,13/02/2013,0.4309,13/02/2013,1.554243084
14/02/2013,0.7006,14/02/2013,0.4179,14/02/2013,1.549426712
15/02/2013,0.706,15/02/2013,0.4253,15/02/2013,1.551831161
18/02/2013,0.7,18/02/2013,0.424,18/02/2013,1.546551191
19/02/2013,0.6906,19/02/2013,0.4225,19/02/2013,1.542495758
20/02/2013,0.6513,20/02/2013,0.4165,20/02/2013,1.523461304
21/02/2013,0.625,21/02/2013,0.4032,21/02/2013,1.525553013
22/02/2013,0.6388,22/02/2013,0.401,22/02/2013,1.516300227
25/02/2013,0.636,25/02/2013,0.386,25/02/2013,1.516530179
26/02/2013,0.615,26/02/2013,0.3917,26/02/2013,1.512401694
27/02/2013,0.611,27/02/2013,0.394,27/02/2013,1.515840534
28/02/2013,0.601,28/02/2013,0.3824,28/02/2013,1.516530179
01/03/2013,0.575,01/03/2013,0.3751,01/03/2013,1.503759398
04/03/2013,0.588,04/03/2013,0.372,04/03/2013,1.511487304
05/03/2013,0.595,05/03/2013,0.378,05/03/2013,1.512630464
06/03/2013,0.586,06/03/2013,0.3825,06/03/2013,1.501501502
07/03/2013,0.608,07/03/2013,0.395,07/03/2013,1.501501502
08/03/2013,0.611,08/03/2013,0.3985,08/03/2013,1.492537313
11/03/2013,0.59,11/03/2013,0.3986,11/03/2013,1.49142431
12/03/2013,0.579,12/03/2013,0.393,12/03/2013,1.490312966
13/03/2013,0.591,13/03/2013,0.394,13/03/2013,1.49231458
14/03/2013,0.61,14/03/2013,0.4019,14/03/2013,1.508295626
15/03/2013,0.6013,15/03/2013,0.3926,15/03/2013,1.511258879
18/03/2013,0.5825,18/03/2013,0.396,18/03/2013,1.510574018
19/03/2013,0.614,19/03/2013,0.4205,19/03/2013,1.509889778
20/03/2013,0.595,20/03/2013,0.416,20/03/2013,1.509889778
21/03/2013,0.611,21/03/2013,0.4265,21/03/2013,1.517220452
22/03/2013,0.634,22/03/2013,0.4265,22/03/2013,1.522997259
25/03/2013,0.62,25/03/2013,0.4255,25/03/2013,1.517450683
26/03/2013,0.61,26/03/2013,0.428,26/03/2013,1.516070346
27/03/2013,0.605,27/03/2013,0.4215,27/03/2013,1.512859304
28/03/2013,0.613,28/03/2013,0.416,28/03/2013,1.519295047
29/03/2013,0.6113,29/03/2013,0.4165,29/03/2013,1.519756839
01/04/2013,0.6113,01/04/2013,0.4083,01/04/2013,1.522997259
02/04/2013,0.592,02/04/2013,0.406,02/04/2013,1.510345869
03/04/2013,0.592,03/04/2013,0.3915,03/04/2013,1.512859304
04/04/2013,0.586,04/04/2013,0.3815,04/04/2013,1.523461304
05/04/2013,0.581,05/04/2013,0.3758,05/04/2013,1.533742331
08/04/2013,0.584,08/04/2013,0.3805,08/04/2013,1.525553013
09/04/2013,0.594,09/04/2013,0.377,09/04/2013,1.53233221
10/04/2013,0.593,10/04/2013,0.376,10/04/2013,1.533272002
11/04/2013,0.59,11/04/2013,0.3708,11/04/2013,1.538698261
12/04/2013,0.586,12/04/2013,0.372,12/04/2013,1.534448366
15/04/2013,0.576,15/04/2013,0.368,15/04/2013,1.528584531
16/04/2013,0.59,16/04/2013,0.3678,16/04/2013,1.53609831
17/04/2013,0.586,17/04/2013,0.3708,17/04/2013,1.523925632
18/04/2013,0.581,18/04/2013,0.366,18/04/2013,1.527883881
19/04/2013,0.574,19/04/2013,0.3704,19/04/2013,1.523229246
22/04/2013,0.571,22/04/2013,0.362,22/04/2013,1.529285824
23/04/2013,0.561,23/04/2013,0.3637,23/04/2013,1.523925632
24/04/2013,0.57,24/04/2013,0.3604,24/04/2013,1.526950679
25/04/2013,0.58,25/04/2013,0.3631,25/04/2013,1.543209877
26/04/2013,0.5838,26/04/2013,0.359,26/04/2013,1.54726907
29/04/2013,0.579,29/04/2013,0.346,29/04/2013,1.549907006
30/04/2013,0.581,30/04/2013,0.3484,30/04/2013,1.553036186
01/05/2013,0.588,01/05/2013,0.342,01/05/2013,1.555451859
02/05/2013,0.567,02/05/2013,0.3382,02/05/2013,1.55351872
03/05/2013,0.595,03/05/2013,0.3567,03/05/2013,1.557389815
06/05/2013,0.595,06/05/2013,0.3584,06/05/2013,1.554001554
07/05/2013,0.614,07/05/2013,0.3646,07/05/2013,1.54822728
08/05/2013,0.616,08/05/2013,0.3581,08/05/2013,1.55351872
09/05/2013,0.613,09/05/2013,0.3579,09/05/2013,1.544878727
10/05/2013,0.635,10/05/2013,0.3707,10/05/2013,1.535862387
13/05/2013,0.63,13/05/2013,0.381,13/05/2013,1.52975371
14/05/2013,0.6275,14/05/2013,0.3876,14/05/2013,1.520912548
15/05/2013,0.626,15/05/2013,0.382,15/05/2013,1.523461304
16/05/2013,0.621,16/05/2013,0.374,16/05/2013,1.526950679
17/05/2013,0.618,17/05/2013,0.3898,17/05/2013,1.516990291
20/05/2013,0.63,20/05/2013,0.386,20/05/2013,1.525553013
21/05/2013,0.63,21/05/2013,0.381,21/05/2013,1.515381118
22/05/2013,0.612,22/05/2013,0.394,22/05/2013,1.505117399
23/05/2013,0.625,23/05/2013,0.3992,23/05/2013,1.510802236
24/05/2013,0.6363,24/05/2013,0.405,24/05/2013,1.512401694
27/05/2013,0.6363,27/05/2013,0.405,27/05/2013,1.509889778
28/05/2013,0.651,28/05/2013,0.4709,28/05/2013,1.503985562
29/05/2013,0.676,29/05/2013,0.4558,29/05/2013,1.513088213
30/05/2013,0.664,30/05/2013,0.4572,30/05/2013,1.523229246
31/05/2013,0.693,31/05/2013,0.4585,31/05/2013,1.51998784
03/06/2013,0.709,03/06/2013,0.4554,03/06/2013,1.532097441
04/06/2013,0.7125,04/06/2013,0.4655,04/06/2013,1.531159087
05/06/2013,0.696,05/06/2013,0.4586,05/06/2013,1.54059467
06/06/2013,0.7135,06/06/2013,0.4633,06/06/2013,1.560062402
07/06/2013,0.7435,07/06/2013,0.4844,07/06/2013,1.555693839
10/06/2013,0.7915,10/06/2013,0.4935,10/06/2013,1.557147306
11/06/2013,0.7815,11/06/2013,0.501,11/06/2013,1.56470036
12/06/2013,0.7575,12/06/2013,0.5008,12/06/2013,1.568135487
13/06/2013,0.7615,13/06/2013,0.4444,13/06/2013,1.572079862
14/06/2013,0.714,14/06/2013,0.43,14/06/2013,1.570598398
17/06/2013,0.737,17/06/2013,0.4264,17/06/2013,1.572079862
18/06/2013,0.7595,18/06/2013,0.4239,18/06/2013,1.564210856
19/06/2013,0.748,19/06/2013,0.4727,19/06/2013,1.548467018
20/06/2013,0.823,20/06/2013,0.5076,20/06/2013,1.550868486
21/06/2013,0.87,21/06/2013,0.5661,21/06/2013,1.5417823
24/06/2013,0.9565,24/06/2013,0.5789,24/06/2013,1.543448063
25/06/2013,0.9135,25/06/2013,0.584,25/06/2013,1.542257866
26/06/2013,0.828,26/06/2013,0.5335,26/06/2013,1.531393568
27/06/2013,0.8355,27/06/2013,0.5056,27/06/2013,1.526018617
28/06/2013,0.798,28/06/2013,0.51,28/06/2013,1.5211439
01/07/2013,0.8075,01/07/2013,0.5174,01/07/2013,1.521838381
02/07/2013,0.7925,02/07/2013,0.5226,02/07/2013,1.515610791
03/07/2013,0.8515,03/07/2013,0.549,03/07/2013,1.528117359
04/07/2013,0.7715,04/07/2013,0.52,04/07/2013,1.507159005
05/07/2013,0.765,05/07/2013,0.585,05/07/2013,1.488316714
08/07/2013,0.7315,08/07/2013,0.5391,08/07/2013,1.494991778
09/07/2013,0.7015,09/07/2013,0.5357,09/07/2013,1.486546752
10/07/2013,0.7355,10/07/2013,0.5162,10/07/2013,1.501050736
11/07/2013,0.7595,11/07/2013,0.4982,11/07/2013,1.518372305
12/07/2013,0.7575,12/07/2013,0.5258,12/07/2013,1.510802236
15/07/2013,0.7615,15/07/2013,0.51,15/07/2013,1.509889778
16/07/2013,0.7085,16/07/2013,0.4951,16/07/2013,1.516070346
17/07/2013,0.6905,17/07/2013,0.4755,17/07/2013,1.521375323
18/07/2013,0.6885,18/07/2013,0.4795,18/07/2013,1.522533496
19/07/2013,0.703,19/07/2013,0.4749,19/07/2013,1.526717557
22/07/2013,0.712,22/07/2013,0.4776,22/07/2013,1.53609831
23/07/2013,0.7295,23/07/2013,0.4848,23/07/2013,1.536806516
24/07/2013,0.7315,24/07/2013,0.508,24/07/2013,1.531393568
25/07/2013,0.6995,25/07/2013,0.4766,25/07/2013,1.538935057
26/07/2013,0.69,26/07/2013,0.4747,26/07/2013,1.538461538
29/07/2013,0.699,29/07/2013,0.4775,29/07/2013,1.533977604
30/07/2013,0.6935,30/07/2013,0.4785,30/07/2013,1.523693433
31/07/2013,0.696,31/07/2013,0.4775,31/07/2013,1.520681265
01/08/2013,0.7035,01/08/2013,0.499,01/08/2013,1.51194436
02/08/2013,0.7195,02/08/2013,0.4685,02/08/2013,1.529051988
05/08/2013,0.7515,05/08/2013,0.4791,05/08/2013,1.535626536
06/08/2013,0.7565,06/08/2013,0.4842,06/08/2013,1.534919417
07/08/2013,0.7575,07/08/2013,0.4803,07/08/2013,1.54870683
08/08/2013,0.7515,08/08/2013,0.4796,08/08/2013,1.554001554
09/08/2013,0.745,09/08/2013,0.474,09/08/2013,1.550147264
12/08/2013,0.755,12/08/2013,0.4807,12/08/2013,1.546072975
13/08/2013,0.81,13/08/2013,0.5098,13/08/2013,1.544878727
14/08/2013,0.8295,14/08/2013,0.5061,14/08/2013,1.550147264
15/08/2013,0.854,15/08/2013,0.5259,15/08/2013,1.563966218
16/08/2013,0.854,16/08/2013,0.5285,16/08/2013,1.562744179
19/08/2013,0.8605,19/08/2013,0.5442,19/08/2013,1.564945227
20/08/2013,0.8215,20/08/2013,0.5277,20/08/2013,1.566661444
21/08/2013,0.8375,21/08/2013,0.5545,21/08/2013,1.565925462
22/08/2013,0.8475,22/08/2013,0.5804,22/08/2013,1.558846454
23/08/2013,0.86,23/08/2013,0.5607,23/08/2013,1.556904873
26/08/2013,0.86,26/08/2013,0.5485,26/08/2013,1.557632399
27/08/2013,0.831,27/08/2013,0.5372,27/08/2013,1.554726368
28/08/2013,0.8305,28/08/2013,0.5594,28/08/2013,1.552553951
29/08/2013,0.8245,29/08/2013,0.5649,29/08/2013,1.550387597
30/08/2013,0.833,30/08/2013,0.5664,30/08/2013,1.550147264
02/09/2013,0.851,02/09/2013,0.587,02/09/2013,1.554484688
03/09/2013,0.877,03/09/2013,0.588,03/09/2013,1.555693839
04/09/2013,0.88,04/09/2013,0.625,04/09/2013,1.5625
05/09/2013,0.9545,05/09/2013,0.6697,05/09/2013,1.559089492
06/09/2013,0.9135,06/09/2013,0.6156,06/09/2013,1.562988434
09/09/2013,0.9035,09/09/2013,0.6014,09/09/2013,1.569365976
10/09/2013,0.9345,10/09/2013,0.6228,10/09/2013,1.573316551
11/09/2013,0.9135,11/09/2013,0.5957,11/09/2013,1.58202816
12/09/2013,0.8875,12/09/2013,0.5945,12/09/2013,1.580527896
13/09/2013,0.882,13/09/2013,0.593,13/09/2013,1.58755358
16/09/2013,0.8665,16/09/2013,0.547,16/09/2013,1.589572405
17/09/2013,0.88,17/09/2013,0.5315,17/09/2013,1.590330789
18/09/2013,0.9275,18/09/2013,0.483,18/09/2013,1.614465612
19/09/2013,0.864,19/09/2013,0.4975,19/09/2013,1.60307791
20/09/2013,0.8865,20/09/2013,0.4875,20/09/2013,1.600768369
23/09/2013,0.865,23/09/2013,0.4785,23/09/2013,1.604106513
24/09/2013,0.8325,24/09/2013,0.481,24/09/2013,1.600512164
25/09/2013,0.8165,25/09/2013,0.4702,25/09/2013,1.608234159
26/09/2013,0.841,26/09/2013,0.4735,26/09/2013,1.604106513
27/09/2013,0.8288,27/09/2013,0.4675,27/09/2013,1.61394448
30/09/2013,0.8365,30/09/2013,0.46,30/09/2013,1.618646811
01/10/2013,0.8335,01/10/2013,0.467,01/10/2013,1.619695497
02/10/2013,0.822,02/10/2013,0.459,02/10/2013,1.622323167
03/10/2013,0.8275,03/10/2013,0.4498,03/10/2013,1.615508885
04/10/2013,0.853,04/10/2013,0.4625,04/10/2013,1.601281025
07/10/2013,0.8365,07/10/2013,0.472,07/10/2013,1.609528408
08/10/2013,0.8595,08/10/2013,0.5015,08/10/2013,1.608234159
09/10/2013,0.8445,09/10/2013,0.4875,09/10/2013,1.595659805
10/10/2013,0.856,10/10/2013,0.4773,10/10/2013,1.596678908
11/10/2013,0.854,11/10/2013,0.478,11/10/2013,1.595405233
14/10/2013,0.8715,14/10/2013,0.4825,14/10/2013,1.598210005
15/10/2013,0.8965,15/10/2013,0.4795,15/10/2013,1.599744041
16/10/2013,0.8895,16/10/2013,0.462,16/10/2013,1.595150742
17/10/2013,0.869,17/10/2013,0.4455,17/10/2013,1.616553508
18/10/2013,0.8505,18/10/2013,0.445,18/10/2013,1.616814875
21/10/2013,0.862,21/10/2013,0.4485,21/10/2013,1.614726304
22/10/2013,0.8275,22/10/2013,0.4275,22/10/2013,1.623640201
23/10/2013,0.806,23/10/2013,0.441,23/10/2013,1.616292226
24/10/2013,0.8205,24/10/2013,0.438,24/10/2013,1.62022035
25/10/2013,0.809,25/10/2013,0.4315,25/10/2013,1.616814875
28/10/2013,0.8075,28/10/2013,0.437,28/10/2013,1.614205004
29/10/2013,0.8,29/10/2013,0.43,29/10/2013,1.604621309
30/10/2013,0.7865,30/10/2013,0.4326,30/10/2013,1.603849238
31/10/2013,0.7965,31/10/2013,0.4255,31/10/2013,1.603849238
01/11/2013,0.79,01/11/2013,0.429,01/11/2013,1.592610288
04/11/2013,0.784,04/11/2013,0.4195,04/11/2013,1.596933887
05/11/2013,0.851,05/11/2013,0.4215,05/11/2013,1.604621309
06/11/2013,0.8325,06/11/2013,0.4095,06/11/2013,1.607975559
07/11/2013,0.8055,07/11/2013,0.4045,07/11/2013,1.609528408
08/11/2013,0.848,08/11/2013,0.4275,08/11/2013,1.601794009
11/11/2013,0.873,11/11/2013,0.4225,11/11/2013,1.598976655
12/11/2013,0.841,12/11/2013,0.4395,12/11/2013,1.590330789
13/11/2013,0.836,13/11/2013,0.4105,13/11/2013,1.605651895
14/11/2013,0.808,14/11/2013,0.397,14/11/2013,1.606683805
15/11/2013,0.801,15/11/2013,0.396,15/11/2013,1.611603546
18/11/2013,0.802,18/11/2013,0.3885,18/11/2013,1.610824742
19/11/2013,0.809,19/11/2013,0.3995,19/11/2013,1.612123166
20/11/2013,0.803,20/11/2013,0.378,20/11/2013,1.610565308
21/11/2013,0.817,21/11/2013,0.375,21/11/2013,1.619957881
22/11/2013,0.812,22/11/2013,0.379,22/11/2013,1.622586403
25/11/2013,0.796,25/11/2013,0.378,25/11/2013,1.615508885
26/11/2013,0.797,26/11/2013,0.376,26/11/2013,1.621533971
27/11/2013,0.812,27/11/2013,0.3735,27/11/2013,1.628664495
28/11/2013,0.811,28/11/2013,0.373,28/11/2013,1.634521085
29/11/2013,0.82,29/11/2013,0.378,29/11/2013,1.636661211
02/12/2013,0.847,02/12/2013,0.384,02/12/2013,1.635590448
03/12/2013,0.846,03/12/2013,0.38,03/12/2013,1.639075561
04/12/2013,0.843,04/12/2013,0.386,04/12/2013,1.638269987
05/12/2013,0.849,05/12/2013,0.391,05/12/2013,1.63345312
06/12/2013,0.852,06/12/2013,0.3988,06/12/2013,1.635055592
09/12/2013,0.85,09/12/2013,0.3945,09/12/2013,1.642845408
10/12/2013,0.83,10/12/2013,0.394,10/12/2013,1.644466371
11/12/2013,0.814,11/12/2013,0.4078,11/12/2013,1.637465204
12/12/2013,0.839,12/12/2013,0.424,12/12/2013,1.635055592
13/12/2013,0.841,13/12/2013,0.428,13/12/2013,1.629726206
16/12/2013,0.83,16/12/2013,0.4235,16/12/2013,1.629726206
17/12/2013,0.823,17/12/2013,0.3998,17/12/2013,1.626280696
18/12/2013,0.878,18/12/2013,0.403,18/12/2013,1.639075561
19/12/2013,0.922,19/12/2013,0.441,19/12/2013,1.636929121
20/12/2013,0.947,20/12/2013,0.455,20/12/2013,1.63345312
23/12/2013,0.997,23/12/2013,0.4745,23/12/2013,1.635590448
24/12/2013,1.012,24/12/2013,0.487,24/12/2013,1.636929121
25/12/2013,1.012,25/12/2013,0.497,25/12/2013,1.635055592
26/12/2013,1.012,26/12/2013,0.505,26/12/2013,1.641227638
27/12/2013,1.041,27/12/2013,0.485,27/12/2013,1.648261085
30/12/2013,0.995,30/12/2013,0.476,30/12/2013,1.650165017
31/12/2013,1.0243,31/12/2013,0.489,31/12/2013,1.655629139
01/01/2014,1.024,01/01/2014,0.491,01/01/2014,1.656726309
02/01/2014,0.995,02/01/2014,0.4903,02/01/2014,1.645278052
03/01/2014,1.011,03/01/2014,0.5113,03/01/2014,1.641497045
06/01/2014,0.953,06/01/2014,0.5,06/01/2014,1.640419948
07/01/2014,0.966,07/01/2014,0.4985,07/01/2014,1.640150894
08/01/2014,1,08/01/2014,0.535,08/01/2014,1.644736842
09/01/2014,1.001,09/01/2014,0.546,09/01/2014,1.647989453
10/01/2014,0.958,10/01/2014,0.492,10/01/2014,1.648261085
13/01/2014,0.921,13/01/2014,0.4774,13/01/2014,1.638269987
14/01/2014,0.937,14/01/2014,0.5,14/01/2014,1.643925695
15/01/2014,0.958,15/01/2014,0.5185,15/01/2014,1.636929121
16/01/2014,0.943,16/01/2014,0.511,16/01/2014,1.635322976
17/01/2014,0.97,17/01/2014,0.504,17/01/2014,1.642575558
20/01/2014,0.975,20/01/2014,0.5055,20/01/2014,1.642845408
21/01/2014,0.986,21/01/2014,0.5118,21/01/2014,1.647717911
22/01/2014,1.057,22/01/2014,0.528,22/01/2014,1.657550141
23/01/2014,1.007,23/01/2014,0.503,23/01/2014,1.663893511
24/01/2014,0.998,24/01/2014,0.49,24/01/2014,1.648261085
27/01/2014,1.005,27/01/2014,0.497,27/01/2014,1.658374793
28/01/2014,1.001,28/01/2014,0.486,28/01/2014,1.658099818
29/01/2014,0.974,29/01/2014,0.472,29/01/2014,1.65645188
30/01/2014,0.98,30/01/2014,0.4765,30/01/2014,1.648532806
31/01/2014,0.963,31/01/2014,0.459,31/01/2014,1.643925695
03/02/2014,0.935,03/02/2014,0.4345,03/02/2014,1.630523398
04/02/2014,0.938,04/02/2014,0.4405,04/02/2014,1.632653061
05/02/2014,0.916,05/02/2014,0.4435,05/02/2014,1.631055293
06/02/2014,0.93,06/02/2014,0.4525,06/02/2014,1.632120124
07/02/2014,0.903,07/02/2014,0.425,07/02/2014,1.641227638
10/02/2014,0.904,10/02/2014,0.427,10/02/2014,1.640419948
11/02/2014,0.921,11/02/2014,0.449,11/02/2014,1.645007403
12/02/2014,1.009,12/02/2014,0.4618,12/02/2014,1.659475606
13/02/2014,0.998,13/02/2014,0.438,13/02/2014,1.66583375
14/02/2014,1.017,14/02/2014,0.448,14/02/2014,1.674761347
17/02/2014,0.998,17/02/2014,0.448,17/02/2014,1.671402307
18/02/2014,0.967,18/02/2014,0.434,18/02/2014,1.668335002
19/02/2014,0.947,19/02/2014,0.451,19/02/2014,1.668056714
20/02/2014,0.979,20/02/2014,0.457,20/02/2014,1.665001665
21/02/2014,0.976,21/02/2014,0.452,21/02/2014,1.661681622
24/02/2014,0.978,24/02/2014,0.4565,24/02/2014,1.665556296
25/02/2014,0.978,25/02/2014,0.447,25/02/2014,1.668056714
26/02/2014,0.978,26/02/2014,0.438,26/02/2014,1.667222407
27/02/2014,0.962,27/02/2014,0.4445,27/02/2014,1.668613382
28/02/2014,0.982,28/02/2014,0.45,28/02/2014,1.674480911
03/03/2014,0.964,03/03/2014,0.444,03/03/2014,1.666666667
04/03/2014,0.973,04/03/2014,0.467,04/03/2014,1.666388935
05/03/2014,0.974,05/03/2014,0.465,05/03/2014,1.672240803
06/03/2014,0.982,06/03/2014,0.478,06/03/2014,1.673920321
07/03/2014,1,07/03/2014,0.509,07/03/2014,1.671402307
10/03/2014,1.009,10/03/2014,0.506,10/03/2014,1.664447403
11/03/2014,0.997,11/03/2014,0.5105,11/03/2014,1.661681622
12/03/2014,0.993,12/03/2014,0.5005,12/03/2014,1.661681622
13/03/2014,0.975,13/03/2014,0.483,13/03/2014,1.662510391
14/03/2014,0.9668,14/03/2014,0.482,14/03/2014,1.664724488
17/03/2014,0.963,17/03/2014,0.4975,17/03/2014,1.663616703
18/03/2014,0.973,18/03/2014,0.4848,18/03/2014,1.659200265
19/03/2014,0.982,19/03/2014,0.55,19/03/2014,1.653986107
20/03/2014,1.031,20/03/2014,0.5525,20/03/2014,1.650437366
21/03/2014,1.0298,21/03/2014,0.5618,21/03/2014,1.648532806
24/03/2014,1.027,24/03/2014,0.5775,24/03/2014,1.649892757
25/03/2014,1.039,25/03/2014,0.5702,25/03/2014,1.652892562
26/03/2014,1.035,26/03/2014,0.552,26/03/2014,1.658099818
27/03/2014,1.0438,27/03/2014,0.5628,27/03/2014,1.661129568
28/03/2014,1.053,28/03/2014,0.5713,28/03/2014,1.663893511
31/03/2014,1.0583,31/03/2014,0.545,31/03/2014,1.666388935
01/04/2014,1.05,01/04/2014,0.551,01/04/2014,1.663063363
02/04/2014,1.063,02/04/2014,0.573,02/04/2014,1.662510391
03/04/2014,1.062,03/04/2014,0.5775,03/04/2014,1.659751037
04/04/2014,1.029,04/04/2014,0.5384,04/04/2014,1.657550141
07/04/2014,1.021,07/04/2014,0.526,07/04/2014,1.660853679
08/04/2014,1.0393,08/04/2014,0.5285,08/04/2014,1.674761347
09/04/2014,1.046,09/04/2014,0.4965,09/04/2014,1.679261125
10/04/2014,1.015,10/04/2014,0.4899,10/04/2014,1.678415576
11/04/2014,1.0005,11/04/2014,0.4908,11/04/2014,1.673080141
14/04/2014,1.0048,14/04/2014,0.506,14/04/2014,1.672800268
15/04/2014,1.008,15/04/2014,0.5095,15/04/2014,1.673080141
16/04/2014,1.053,16/04/2014,0.52,16/04/2014,1.679543164
17/04/2014,1.084,17/04/2014,0.548,17/04/2014,1.679543164
22/04/2014,1.108,18/04/2014,0.5475,18/04/2014,1.679261125
23/04/2014,1.088,21/04/2014,0.5369,21/04/2014,1.679261125
24/04/2014,1.102,22/04/2014,0.5465,22/04/2014,1.682368775
25/04/2014,1.08,23/04/2014,0.5414,23/04/2014,1.678133915
28/04/2014,1.09,24/04/2014,0.5445,24/04/2014,1.68038985
29/04/2014,1.094,25/04/2014,0.544,25/04/2014,1.68038985
30/04/2014,1.091,28/04/2014,0.546,28/04/2014,1.680672269
01/05/2014,1.092,29/04/2014,0.553,29/04/2014,1.682651859
02/05/2014,1.1145,30/04/2014,0.531,30/04/2014,1.687194196
06/05/2014,1.1655,01/05/2014,0.534,01/05/2014,1.689189189
07/05/2014,1.166,02/05/2014,0.5555,02/05/2014,1.687194196
08/05/2014,1.157,05/05/2014,0.561,05/05/2014,1.686625063
09/05/2014,1.17,06/05/2014,0.5612,06/05/2014,1.697504668
12/05/2014,1.209,07/05/2014,0.535,07/05/2014,1.695202577
13/05/2014,1.1775,08/05/2014,0.5235,08/05/2014,1.693193363
14/05/2014,1.087,09/05/2014,0.52,09/05/2014,1.68520391
15/05/2014,1.064,12/05/2014,0.5405,12/05/2014,1.686909582
16/05/2014,1.091,13/05/2014,0.5198,13/05/2014,1.682651859
19/05/2014,1.098,14/05/2014,0.5013,14/05/2014,1.676727029
20/05/2014,1.098,15/05/2014,0.496,15/05/2014,1.678979181
21/05/2014,1.139,16/05/2014,0.5105,16/05/2014,1.681520094
22/05/2014,1.1368,19/05/2014,0.499,19/05/2014,1.681520094
23/05/2014,1.116,20/05/2014,0.488,20/05/2014,1.683785149
27/05/2014,1.1258,21/05/2014,0.49,21/05/2014,1.690045631
28/05/2014,1.103,22/05/2014,0.5012,22/05/2014,1.687194196
29/05/2014,1.102,23/05/2014,0.5065,23/05/2014,1.683501684
30/05/2014,1.1103,26/05/2014,0.508,26/05/2014,1.684352367
02/06/2014,1.1295,27/05/2014,0.507,27/05/2014,1.680954782
03/06/2014,1.139,28/05/2014,0.4915,28/05/2014,1.671122995
04/06/2014,1.1415,29/05/2014,0.507,29/05/2014,1.671681712
05/06/2014,1.131,30/05/2014,0.5132,30/05/2014,1.675884029
06/06/2014,1.1353,02/06/2014,0.527,02/06/2014,1.674480911
09/06/2014,1.159,03/06/2014,0.537,03/06/2014,1.674761347
10/06/2014,1.172,04/06/2014,0.53,04/06/2014,1.673640167
11/06/2014,1.171,05/06/2014,0.523,05/06/2014,1.682085786
12/06/2014,1.1623,06/06/2014,0.541,06/06/2014,1.680107527
13/06/2014,1.323,09/06/2014,0.5655,09/06/2014,1.68038985
16/06/2014,1.362,10/06/2014,0.5805,10/06/2014,1.675603217
17/06/2014,1.3693,11/06/2014,0.578,11/06/2014,1.678697331
18/06/2014,1.338,12/06/2014,0.5855,12/06/2014,1.692906721
19/06/2014,1.35,13/06/2014,0.5955,13/06/2014,1.696352841
20/06/2014,1.3548,16/06/2014,0.6163,16/06/2014,1.698369565
23/06/2014,1.3325,17/06/2014,0.635,17/06/2014,1.696352841
24/06/2014,1.3418,18/06/2014,0.606,18/06/2014,1.699524133
25/06/2014,1.314,19/06/2014,0.604,19/06/2014,1.70386778
26/06/2014,1.3123,20/06/2014,0.605,20/06/2014,1.701258932
27/06/2014,1.3178,23/06/2014,0.62,23/06/2014,1.702707305
30/06/2014,1.3303,24/06/2014,0.6125,24/06/2014,1.69865806
01/07/2014,1.355,25/06/2014,0.603,25/06/2014,1.698369565
02/07/2014,1.38,26/06/2014,0.587,26/06/2014,1.702707305
03/07/2014,1.376,27/06/2014,0.588,27/06/2014,1.703577513
04/07/2014,1.381,30/06/2014,0.5825,30/06/2014,1.710571331
07/07/2014,1.372,01/07/2014,0.5969,01/07/2014,1.714971703
08/07/2014,1.342,02/07/2014,0.618,02/07/2014,1.716443529
09/07/2014,1.358,03/07/2014,0.6455,03/07/2014,1.71556013
10/07/2014,1.337,04/07/2014,0.653,04/07/2014,1.715854496
11/07/2014,1.313,07/07/2014,0.661,07/07/2014,1.712915382
14/07/2014,1.3105,08/07/2014,0.6465,08/07/2014,1.71320884
15/07/2014,1.367,09/07/2014,0.619,09/07/2014,1.715854496
16/07/2014,1.356,10/07/2014,0.625,10/07/2014,1.71320884
17/07/2014,1.318,11/07/2014,0.6182,11/07/2014,1.711156742
18/07/2014,1.327,14/07/2014,0.634,14/07/2014,1.708525542
21/07/2014,1.32,15/07/2014,0.658,15/07/2014,1.714383679
22/07/2014,1.338,16/07/2014,0.667,16/07/2014,1.713796058
23/07/2014,1.317,17/07/2014,0.6425,17/07/2014,1.710278775
24/07/2014,1.35,18/07/2014,0.6685,18/07/2014,1.708817498
25/07/2014,1.332,21/07/2014,0.689,21/07/2014,1.707358716
28/07/2014,1.346,22/07/2014,0.6759,22/07/2014,1.706484642
29/07/2014,1.339,23/07/2014,0.668,23/07/2014,1.704448611
30/07/2014,1.361,24/07/2014,0.692,24/07/2014,1.69865806
31/07/2014,1.347,25/07/2014,0.6916,25/07/2014,1.697504668
01/08/2014,1.3183,28/07/2014,0.7095,28/07/2014,1.698369565
04/08/2014,1.307,29/07/2014,0.7115,29/07/2014,1.694340901
05/08/2014,1.327,30/07/2014,0.7405,30/07/2014,1.691188906
06/08/2014,1.316,31/07/2014,0.729,31/07/2014,1.68861871
07/08/2014,1.302,01/08/2014,0.6821,01/08/2014,1.682085786
08/08/2014,1.3035,04/08/2014,0.6765,04/08/2014,1.686340641
11/08/2014,1.32,05/08/2014,0.6835,05/08/2014,1.68861871
12/08/2014,1.33,06/08/2014,0.674,06/08/2014,1.685487949
13/08/2014,1.237,07/08/2014,0.6663,07/08/2014,1.683218313
14/08/2014,1.222,08/08/2014,0.6765,08/08/2014,1.677570877
15/08/2014,1.184,11/08/2014,0.6765,11/08/2014,1.678697331
18/08/2014,1.235,12/08/2014,0.664,12/08/2014,1.681237391
19/08/2014,1.214,13/08/2014,0.642,13/08/2014,1.668891856
20/08/2014,1.244,14/08/2014,0.643,14/08/2014,1.668613382
21/08/2014,1.244,15/08/2014,0.6313,15/08/2014,1.669449082
22/08/2014,1.2518,18/08/2014,0.65,18/08/2014,1.672800268
26/08/2014,1.237,19/08/2014,0.6555,19/08/2014,1.661681622
27/08/2014,1.228,20/08/2014,0.692,20/08/2014,1.659475606
28/08/2014,1.229,21/08/2014,0.691,21/08/2014,1.657824934
29/08/2014,1.2173,22/08/2014,0.7135,22/08/2014,1.657275439
01/09/2014,1.21,25/08/2014,0.725,25/08/2014,1.657824934
02/09/2014,1.221,26/08/2014,0.7185,26/08/2014,1.653986107
03/09/2014,1.236,27/08/2014,0.7155,27/08/2014,1.657550141
04/09/2014,1.235,28/08/2014,0.7155,28/08/2014,1.658649859
05/09/2014,1.2015,29/08/2014,0.7135,29/08/2014,1.659751037
08/09/2014,1.17,01/09/2014,0.718,01/09/2014,1.660853679
09/09/2014,1.2048,02/09/2014,0.7365,02/09/2014,1.646903821
10/09/2014,1.225,03/09/2014,0.7283,03/09/2014,1.646090535
11/09/2014,1.225,04/09/2014,0.746,04/09/2014,1.633186347
12/09/2014,1.238,05/09/2014,0.721,05/09/2014,1.632653061
15/09/2014,1.236,08/09/2014,0.754,08/09/2014,1.610565308
16/09/2014,1.236,09/09/2014,0.7755,09/09/2014,1.610565308
17/09/2014,1.2595,10/09/2014,0.793,10/09/2014,1.621008267
18/09/2014,1.276,11/09/2014,0.7975,11/09/2014,1.62575191
19/09/2014,1.302,12/09/2014,0.801,12/09/2014,1.626809826
22/09/2014,1.286,15/09/2014,0.785,15/09/2014,1.623376623
23/09/2014,1.281,16/09/2014,0.774,16/09/2014,1.627604167
24/09/2014,1.28,17/09/2014,0.8038,17/09/2014,1.627604167
25/09/2014,1.259,18/09/2014,0.807,18/09/2014,1.639075561
26/09/2014,1.258,19/09/2014,0.8063,19/09/2014,1.628664495
29/09/2014,1.255,22/09/2014,0.7898,22/09/2014,1.636125654
30/09/2014,1.256,23/09/2014,0.786,23/09/2014,1.638806949
01/10/2014,1.202,24/09/2014,0.8018,24/09/2014,1.633986928
02/10/2014,1.188,25/09/2014,0.7785,25/09/2014,1.631587535
03/10/2014,1.223,26/09/2014,0.8115,26/09/2014,1.62469537
06/10/2014,1.204,29/09/2014,0.8198,29/09/2014,1.624167614
07/10/2014,1.17,30/09/2014,0.8185,30/09/2014,1.621271077
08/10/2014,1.147,01/10/2014,0.7825,01/10/2014,1.618646811
09/10/2014,1.142,02/10/2014,0.7975,02/10/2014,1.614465612
10/10/2014,1.135,03/10/2014,0.8238,03/10/2014,1.596678908
13/10/2014,1.079,06/10/2014,0.8075,06/10/2014,1.608234159
14/10/2014,1.038,07/10/2014,0.7693,07/10/2014,1.609528408
15/10/2014,0.918,08/10/2014,0.713,08/10/2014,1.616814875
16/10/2014,1.049,09/10/2014,0.7116,09/10/2014,1.611603546
17/10/2014,1.091,10/10/2014,0.691,10/10/2014,1.607717042
20/10/2014,1.074,13/10/2014,0.6465,13/10/2014,1.608492842
21/10/2014,1.091,14/10/2014,0.6415,14/10/2014,1.590330789
22/10/2014,1.089,15/10/2014,0.5808,15/10/2014,1.602050625
23/10/2014,1.096,16/10/2014,0.6303,16/10/2014,1.609010459
24/10/2014,1.077,17/10/2014,0.636,17/10/2014,1.609010459
27/10/2014,1.08,20/10/2014,0.6175,20/10/2014,1.616292226
28/10/2014,1.069,21/10/2014,0.623,21/10/2014,1.611343861
29/10/2014,1.077,22/10/2014,0.612,22/10/2014,1.604878832
30/10/2014,1.08,23/10/2014,0.648,23/10/2014,1.602820965
31/10/2014,1.101,24/10/2014,0.644,24/10/2014,1.608751609
03/11/2014,1.123,27/10/2014,0.641,27/10/2014,1.612123166
04/11/2014,1.107,28/10/2014,0.6445,28/10/2014,1.613163413
05/11/2014,1.116,29/10/2014,0.6965,29/10/2014,1.601281025
06/11/2014,1.103,30/10/2014,0.6865,30/10/2014,1.600256041
07/11/2014,1.083,31/10/2014,0.7068,31/10/2014,1.599488164
10/11/2014,1.088,03/11/2014,0.7218,03/11/2014,1.596933887
11/11/2014,1.088,04/11/2014,0.7198,04/11/2014,1.600256041
12/11/2014,1.041,05/11/2014,0.7375,05/11/2014,1.597699313
13/11/2014,1.023,06/11/2014,0.7608,06/11/2014,1.583280557
14/11/2014,0.997,07/11/2014,0.7165,07/11/2014,1.586797842
17/11/2014,0.996,10/11/2014,0.747,10/11/2014,1.584283904
18/11/2014,0.997,11/11/2014,0.756,11/11/2014,1.591849729
19/11/2014,1.02,12/11/2014,0.754,12/11/2014,1.57778479
20/11/2014,0.996,13/11/2014,0.7363,13/11/2014,1.571091909
21/11/2014,0.971,14/11/2014,0.7295,14/11/2014,1.566906926
24/11/2014,0.988,17/11/2014,0.7213,17/11/2014,1.563966218
25/11/2014,0.972,18/11/2014,0.7157,18/11/2014,1.563232765
26/11/2014,0.953,19/11/2014,0.7335,19/11/2014,1.568135487
27/11/2014,0.943,20/11/2014,0.7255,20/11/2014,1.569365976
28/11/2014,0.937,21/11/2014,0.717,21/11/2014,1.565680288
01/12/2014,0.93,24/11/2014,0.7225,24/11/2014,1.570598398
02/12/2014,0.96,25/11/2014,0.71,25/11/2014,1.570351759
03/12/2014,0.987,26/11/2014,0.7129,26/11/2014,1.579279848
04/12/2014,0.972,27/11/2014,0.6975,27/11/2014,1.573564123
05/12/2014,1.015,28/11/2014,0.6915,28/11/2014,1.565190171
08/12/2014,1.0003,01/12/2014,0.706,01/12/2014,1.573069058
09/12/2014,0.971,02/12/2014,0.7408,02/12/2014,1.563966218
10/12/2014,0.978,03/12/2014,0.7661,03/12/2014,1.56838143
11/12/2014,0.975,04/12/2014,0.7505,04/12/2014,1.567398119
12/12/2014,0.933,05/12/2014,0.8568,05/12/2014,1.558603491
15/12/2014,0.932,08/12/2014,0.8495,08/12/2014,1.565190171
16/12/2014,0.917,09/12/2014,0.8365,09/12/2014,1.566661444
17/12/2014,0.922,10/12/2014,0.7975,10/12/2014,1.57158573
18/12/2014,0.963,11/12/2014,0.83,11/12/2014,1.573069058
19/12/2014,0.963,12/12/2014,0.7773,12/12/2014,1.57158573
22/12/2014,0.956,15/12/2014,0.8145,15/12/2014,1.563721658
23/12/2014,0.969,16/12/2014,0.7833,16/12/2014,1.575051189
24/12/2014,0.972,17/12/2014,0.827,17/12/2014,1.557632399
29/12/2014,0.945,18/12/2014,0.8545,18/12/2014,1.566906926
30/12/2014,0.943,19/12/2014,0.8725,19/12/2014,1.562744179
31/12/2014,0.9313,22/12/2014,0.9,22/12/2014,1.558846454
01/01/2015,0.9313,23/12/2014,0.928,23/12/2014,1.552072016
02/01/2015,0.919,24/12/2014,0.9245,24/12/2014,1.555693839
05/01/2015,0.885,25/12/2014,0.923,25/12/2014,1.555693839
06/01/2015,0.855,26/12/2014,0.9245,26/12/2014,1.555935895
07/01/2015,0.876,29/12/2014,0.903,29/12/2014,1.551831161
08/01/2015,0.891,30/12/2014,0.893,30/12/2014,1.556420233
09/01/2015,0.866,31/12/2014,0.9,31/12/2014,1.557875058
12/01/2015,0.856,01/01/2015,0.9,01/01/2015,1.558360605
13/01/2015,0.856,02/01/2015,0.892,02/01/2015,1.533036946
14/01/2015,0.836,05/01/2015,0.8855,05/01/2015,1.525087693
15/01/2015,0.811,06/01/2015,0.852,06/01/2015,1.515151515
16/01/2015,0.854,07/01/2015,0.8425,07/01/2015,1.511258879
19/01/2015,0.85,08/01/2015,0.8405,08/01/2015,1.508978422
20/01/2015,0.877,09/01/2015,0.7893,09/01/2015,1.515840534
21/01/2015,0.83,12/01/2015,0.7758,12/01/2015,1.517220452
22/01/2015,0.836,13/01/2015,0.7623,13/01/2015,1.516070346
23/01/2015,0.823,14/01/2015,0.723,14/01/2015,1.523461304
26/01/2015,0.867,15/01/2015,0.6453,15/01/2015,1.518602885
27/01/2015,0.874,16/01/2015,0.723,16/01/2015,1.514692517
28/01/2015,0.867,19/01/2015,0.72,19/01/2015,1.511258879
29/01/2015,0.86,20/01/2015,0.7385,20/01/2015,1.514692517
30/01/2015,0.838,21/01/2015,0.7493,21/01/2015,1.514233798
02/02/2015,0.855,22/01/2015,0.7695,22/01/2015,1.501050736
03/02/2015,0.882,23/01/2015,0.746,23/01/2015,1.499250375
04/02/2015,0.903,26/01/2015,0.7705,26/01/2015,1.508068165
05/02/2015,0.917,27/01/2015,0.7635,27/01/2015,1.519756839
06/02/2015,0.995,28/01/2015,0.7213,28/01/2015,1.513775356
09/02/2015,0.97,29/01/2015,0.7455,29/01/2015,1.506704837
10/02/2015,0.996,30/01/2015,0.6915,30/01/2015,1.506477855
11/02/2015,0.987,02/02/2015,0.7035,02/02/2015,1.503759398
12/02/2015,0.95,03/02/2015,0.7575,03/02/2015,1.516530179
13/02/2015,0.9338,04/02/2015,0.7365,04/02/2015,1.518141794
16/02/2015,0.941,05/02/2015,0.7734,05/02/2015,1.532801962
17/02/2015,0.967,06/02/2015,0.8998,06/02/2015,1.524622656
18/02/2015,0.995,09/02/2015,0.9175,09/02/2015,1.521375323
19/02/2015,0.979,10/02/2015,0.916,10/02/2015,1.525320317
20/02/2015,0.963,11/02/2015,0.9283,11/02/2015,1.523925632
23/02/2015,0.969,12/02/2015,0.893,12/02/2015,1.538461538
24/02/2015,0.952,13/02/2015,0.9043,13/02/2015,1.539171926
25/02/2015,0.953,16/02/2015,0.897,16/02/2015,1.536334306
26/02/2015,0.971,17/02/2015,0.9355,17/02/2015,1.535390757
27/02/2015,0.996,18/02/2015,0.8755,18/02/2015,1.543686323
02/03/2015,0.995,19/02/2015,0.9075,19/02/2015,1.541544628
03/03/2015,1.02,20/02/2015,0.917,20/02/2015,1.539882969
04/03/2015,1.034,23/02/2015,0.896,23/02/2015,1.545595054
05/03/2015,1.023,24/02/2015,0.8445,24/02/2015,1.545356205
06/03/2015,1.059,25/02/2015,0.8483,25/02/2015,1.552795031
09/03/2015,1.06,26/02/2015,0.8923,26/02/2015,1.54059467
10/03/2015,1.014,27/02/2015,0.8755,27/02/2015,1.543209877
11/03/2015,1.009,02/03/2015,0.913,02/03/2015,1.536570375
12/03/2015,0.985,03/03/2015,0.928,03/03/2015,1.53609831
13/03/2015,0.955,04/03/2015,0.9025,04/03/2015,1.526484506
16/03/2015,0.947,05/03/2015,0.8972,05/03/2015,1.523925632
17/03/2015,0.966,06/03/2015,0.9825,06/03/2015,1.503985562
18/03/2015,0.9258,09/03/2015,0.96,09/03/2015,1.512859304
19/03/2015,0.88,10/03/2015,0.948,10/03/2015,1.506931887
20/03/2015,0.87,11/03/2015,0.9495,11/03/2015,1.49298298
23/03/2015,0.859,12/03/2015,0.938,12/03/2015,1.488316714
24/03/2015,0.851,13/03/2015,0.9315,13/03/2015,1.474491301
25/03/2015,0.856,16/03/2015,0.92,16/03/2015,1.482799526
26/03/2015,0.896,17/03/2015,0.9403,17/03/2015,1.474926254
27/03/2015,0.867,18/03/2015,0.8172,18/03/2015,1.497902936
30/03/2015,0.883,19/03/2015,0.8721,19/03/2015,1.475361464
31/03/2015,0.886,20/03/2015,0.845,20/03/2015,1.495438911
01/04/2015,0.878,23/03/2015,0.8375,23/03/2015,1.495438911
02/04/2015,0.89,24/03/2015,0.8215,24/03/2015,1.485001485
07/04/2015,0.887,25/03/2015,0.839,25/03/2015,1.488095238
08/04/2015,0.889,26/03/2015,0.8524,26/03/2015,1.485001485
09/04/2015,0.89,27/03/2015,0.8345,27/03/2015,1.487209994
10/04/2015,0.884,30/03/2015,0.8225,30/03/2015,1.481262035
13/04/2015,0.891,31/03/2015,0.808,31/03/2015,1.481920569
14/04/2015,0.875,01/04/2015,0.7918,01/04/2015,1.482359917
15/04/2015,0.889,02/04/2015,0.7995,02/04/2015,1.482799526
16/04/2015,0.902,03/04/2015,0.7415,03/04/2015,1.492091913
17/04/2015,0.9038,06/04/2015,0.7564,06/04/2015,1.488095238
20/04/2015,0.9218,07/04/2015,0.774,07/04/2015,1.480823338
21/04/2015,0.9208,08/04/2015,0.7838,08/04/2015,1.486767767
22/04/2015,0.988,09/04/2015,0.8095,09/04/2015,1.471453796
23/04/2015,0.97,10/04/2015,0.8159,10/04/2015,1.463271876
24/04/2015,0.963,13/04/2015,0.793,13/04/2015,1.467566774
27/04/2015,0.972,14/04/2015,0.7753,14/04/2015,1.4781966
28/04/2015,0.968,15/04/2015,0.7635,15/04/2015,1.484340211
29/04/2015,0.985,16/04/2015,0.748,16/04/2015,1.493428913
30/04/2015,1,17/04/2015,0.771,17/04/2015,1.496333982
01/05/2015,1.007,20/04/2015,0.7885,20/04/2015,1.490757305
04/05/2015,1.01,21/04/2015,0.7905,21/04/2015,1.492537313
05/05/2015,1.04,22/04/2015,0.817,22/04/2015,1.503759398
06/05/2015,1.042,23/04/2015,0.797,23/04/2015,1.50579732
07/05/2015,1.018,24/04/2015,0.7685,24/04/2015,1.518833536
08/05/2015,0.9918,27/04/2015,0.7783,27/04/2015,1.523693433
11/05/2015,1.036,28/04/2015,0.8,28/04/2015,1.533742331
12/05/2015,1.043,29/04/2015,0.7975,29/04/2015,1.543924656
13/05/2015,1.027,30/04/2015,0.8232,30/04/2015,1.535155051
14/05/2015,1.006,01/05/2015,0.8555,01/05/2015,1.514463123
15/05/2015,0.98,04/05/2015,0.858,04/05/2015,1.51194436
18/05/2015,0.998,05/05/2015,0.8805,05/05/2015,1.518141794
19/05/2015,0.996,06/05/2015,0.893,06/05/2015,1.524622656
20/05/2015,1.004,07/05/2015,0.9041,07/05/2015,1.524855139
21/05/2015,1.0215,08/05/2015,0.84,08/05/2015,1.543686323
22/05/2015,1.0195,11/05/2015,0.8894,11/05/2015,1.558603491
26/05/2015,1.007,12/05/2015,0.864,12/05/2015,1.567152484
27/05/2015,1.0045,13/05/2015,0.843,13/05/2015,1.574555188
28/05/2015,0.98,14/05/2015,0.8055,14/05/2015,1.577535889
29/05/2015,0.9735,15/05/2015,0.8045,15/05/2015,1.572574304
01/06/2015,0.986,18/05/2015,0.8368,18/05/2015,1.565190171
02/06/2015,0.9985,19/05/2015,0.8701,19/05/2015,1.551109043
03/06/2015,1.0235,20/05/2015,0.8438,20/05/2015,1.55351872
04/06/2015,1.0115,21/05/2015,0.8358,21/05/2015,1.566170713
05/06/2015,1.0125,22/05/2015,0.88,22/05/2015,1.549186677
08/06/2015,1.0075,25/05/2015,0.8795,25/05/2015,1.547029703
09/06/2015,1.027,26/05/2015,0.8752,26/05/2015,1.538224888
10/06/2015,1.0345,27/05/2015,0.8823,27/05/2015,1.535390757
11/06/2015,1.0235,28/05/2015,0.8655,28/05/2015,1.531393568
12/06/2015,1.0255,29/05/2015,0.8495,29/05/2015,1.529285824
15/06/2015,1.0385,01/06/2015,0.8865,01/06/2015,1.520218912
16/06/2015,1.021,02/06/2015,0.889,02/06/2015,1.534448366
17/06/2015,1.084,03/06/2015,0.9125,03/06/2015,1.533977604
18/06/2015,1.074,04/06/2015,0.91,04/06/2015,1.536570375
19/06/2015,1.0625,05/06/2015,0.962,05/06/2015,1.526717557
22/06/2015,1.1,08/06/2015,0.9425,08/06/2015,1.534919417
23/06/2015,1.125,09/06/2015,0.9708,09/06/2015,1.538461538
24/06/2015,1.1545,10/06/2015,0.982,10/06/2015,1.553036186
25/06/2015,1.1515,11/06/2015,0.9793,11/06/2015,1.55159038
26/06/2015,1.172,12/06/2015,0.9938,12/06/2015,1.556178027
29/06/2015,1.1075,15/06/2015,0.9735,15/06/2015,1.560062402
30/06/2015,1.095,16/06/2015,0.9535,16/06/2015,1.564945227
01/07/2015,1.14,17/06/2015,0.9115,17/06/2015,1.583280557
02/07/2015,1.103,18/06/2015,0.899,18/06/2015,1.588057805
03/07/2015,1.092,19/06/2015,0.8715,19/06/2015,1.587805653
06/07/2015,1.074,22/06/2015,0.9075,22/06/2015,1.582528881
07/07/2015,1.027,23/06/2015,0.9195,23/06/2015,1.572821642
08/07/2015,1.0265,24/06/2015,0.906,24/06/2015,1.570598398
09/07/2015,1.058,25/06/2015,0.8977,25/06/2015,1.574555188
10/07/2015,1.086,26/06/2015,0.9395,26/06/2015,1.57480315
13/07/2015,1.109,29/06/2015,0.8858,29/06/2015,1.573811772
14/07/2015,1.1485,30/06/2015,0.9044,30/06/2015,1.570598398
15/07/2015,1.1525,01/07/2015,0.9415,01/07/2015,1.561767921
16/07/2015,1.154,02/07/2015,0.8937,02/07/2015,1.561036528
17/07/2015,1.162,03/07/2015,0.8789,03/07/2015,1.556904873
20/07/2015,1.1555,06/07/2015,0.8549,06/07/2015,1.560549313
21/07/2015,1.154,07/07/2015,0.8427,07/07/2015,1.546072975
22/07/2015,1.1715,08/07/2015,0.7985,08/07/2015,1.53609831
23/07/2015,1.1605,09/07/2015,0.8407,09/07/2015,1.537988311
24/07/2015,1.134,10/07/2015,0.8938,10/07/2015,1.551831161
27/07/2015,1.1275,13/07/2015,0.929,13/07/2015,1.54870683
28/07/2015,1.1205,14/07/2015,0.8864,14/07/2015,1.563721658
29/07/2015,1.1375,15/07/2015,0.8781,15/07/2015,1.563966218
30/07/2015,1.147,16/07/2015,0.909,16/07/2015,1.561036528
31/07/2015,1.1025,17/07/2015,0.9271,17/07/2015,1.560549313
03/08/2015,1.1095,20/07/2015,0.9648,20/07/2015,1.556420233
04/08/2015,1.1185,21/07/2015,0.9342,21/07/2015,1.555693839
05/08/2015,1.157,22/07/2015,0.9609,22/07/2015,1.56128025
06/08/2015,1.144,23/07/2015,0.946,23/07/2015,1.551349674
07/08/2015,1.1275,24/07/2015,0.9293,24/07/2015,1.550868486
10/08/2015,1.1485,27/07/2015,0.8988,27/07/2015,1.555935895
11/08/2015,1.0995,28/07/2015,0.9132,28/07/2015,1.56128025
12/08/2015,1.084,29/07/2015,0.9268,29/07/2015,1.560549313
13/08/2015,1.095,30/07/2015,0.9637,30/07/2015,1.560062402
14/08/2015,1.1055,31/07/2015,0.8957,31/07/2015,1.562255898
17/08/2015,1.0795,03/08/2015,0.8985,03/08/2015,1.558603491
18/08/2015,1.1055,04/08/2015,0.9639,04/08/2015,1.556420233
19/08/2015,1.0715,05/08/2015,0.9743,05/08/2015,1.56030582
20/08/2015,1.0565,06/08/2015,0.9609,06/08/2015,1.551349674
21/08/2015,1.0285,07/08/2015,0.9685,07/08/2015,1.549426712
24/08/2015,1.014,10/08/2015,0.9768,10/08/2015,1.559332606
25/08/2015,1.033,11/08/2015,0.9222,11/08/2015,1.557147306
26/08/2015,1.016,12/08/2015,0.9145,12/08/2015,1.56128025
27/08/2015,1.0375,13/08/2015,0.9514,13/08/2015,1.561036528
28/08/2015,1.045,14/08/2015,0.9663,14/08/2015,1.564210856
31/08/2015,1.036,17/08/2015,0.9465,17/08/2015,1.558603491
01/09/2015,1.04,18/08/2015,0.9512,18/08/2015,1.565925462
02/09/2015,1.034,19/08/2015,0.897,19/08/2015,1.567889621
03/09/2015,1.028,20/08/2015,0.887,20/08/2015,1.568873549
04/09/2015,0.995,21/08/2015,0.845,21/08/2015,1.569612306
07/09/2015,1.0055,24/08/2015,0.788,24/08/2015,1.577535889
08/09/2015,1.021,25/08/2015,0.7948,25/08/2015,1.568627451
09/09/2015,1.0335,26/08/2015,0.8105,26/08/2015,1.546312046
10/09/2015,1.0335,27/08/2015,0.8345,27/08/2015,1.540357363
11/09/2015,1.0183,28/08/2015,0.869,28/08/2015,1.538935057
14/09/2015,1.0208,31/08/2015,0.8925,31/08/2015,1.534448366
15/09/2015,1.0395,01/09/2015,0.8405,01/09/2015,1.530456076
16/09/2015,1.068,02/09/2015,0.8426,02/09/2015,1.52998776
17/09/2015,1.023,03/09/2015,0.8385,03/09/2015,1.52578578
18/09/2015,0.996,04/09/2015,0.8399,04/09/2015,1.516990291
21/09/2015,1.011,07/09/2015,0.8392,07/09/2015,1.527417138
22/09/2015,0.96,08/09/2015,0.8543,08/09/2015,1.539645881
23/09/2015,0.963,09/09/2015,0.8598,09/09/2015,1.536806516
24/09/2015,0.936,10/09/2015,0.8718,10/09/2015,1.544401544
25/09/2015,0.963,11/09/2015,0.853,11/09/2015,1.542971764
28/09/2015,0.941,14/09/2015,0.8618,14/09/2015,1.542733724
29/09/2015,0.938,15/09/2015,0.9188,15/09/2015,1.534448366
30/09/2015,0.942,16/09/2015,0.9196,16/09/2015,1.549426712
01/10/2015,0.948,17/09/2015,0.8141,17/09/2015,1.559089492
02/10/2015,0.907,18/09/2015,0.803,18/09/2015,1.553036186
05/10/2015,0.933,21/09/2015,0.8255,21/09/2015,1.550628004
06/10/2015,0.9405,22/09/2015,0.7895,22/09/2015,1.536570375
07/10/2015,0.9675,23/09/2015,0.7975,23/09/2015,1.524390244
08/10/2015,0.956,24/09/2015,0.7842,24/09/2015,1.524390244
09/10/2015,0.9685,25/09/2015,0.7943,25/09/2015,1.517680983
12/10/2015,0.959,28/09/2015,0.7683,28/09/2015,1.517220452
13/10/2015,0.9495,29/09/2015,0.7495,29/09/2015,1.515151515
14/10/2015,0.9045,30/09/2015,0.7479,30/09/2015,1.512859304
15/10/2015,0.9125,01/10/2015,0.7769,01/10/2015,1.513088213
16/10/2015,0.921,02/10/2015,0.7071,02/10/2015,1.517911354
19/10/2015,0.937,05/10/2015,0.7386,05/10/2015,1.514692517
20/10/2015,0.948,06/10/2015,0.7257,06/10/2015,1.522765342
21/10/2015,0.9285,07/10/2015,0.7488,07/10/2015,1.531862745
22/10/2015,0.918,08/10/2015,0.7618,08/10/2015,1.534919417
23/10/2015,0.941,09/10/2015,0.766,09/10/2015,1.531628121
26/10/2015,0.933,12/10/2015,0.761,12/10/2015,1.534919417
27/10/2015,0.918,13/10/2015,0.7328,13/10/2015,1.524855139
28/10/2015,0.922,14/10/2015,0.665,14/10/2015,1.547748027
29/10/2015,0.9905,15/10/2015,0.7135,15/10/2015,1.545833977
30/10/2015,0.979,16/10/2015,0.7291,16/10/2015,1.543924656
02/11/2015,1.002,19/10/2015,0.7111,19/10/2015,1.546551191
03/11/2015,1.034,20/10/2015,0.74,20/10/2015,1.544401544
04/11/2015,1.056,21/10/2015,0.7325,21/10/2015,1.5417823
05/11/2015,1.018,22/10/2015,0.7285,22/10/2015,1.539408867
06/11/2015,1.058,23/10/2015,0.762,23/10/2015,1.531393568
09/11/2015,1.0385,26/10/2015,0.7468,26/10/2015,1.535155051
10/11/2015,1.02,27/10/2015,0.7365,27/10/2015,1.52998776
11/11/2015,1.04,28/10/2015,0.8209,28/10/2015,1.526251526
12/11/2015,1.018,29/10/2015,0.8445,29/10/2015,1.530924679
13/11/2015,0.992,30/10/2015,0.8469,30/10/2015,1.542971764
16/11/2015,0.9735,02/11/2015,0.8665,02/11/2015,1.5417823
17/11/2015,0.9875,03/11/2015,0.88,03/11/2015,1.542020046
18/11/2015,1.001,04/11/2015,0.905,04/11/2015,1.538461538
19/11/2015,0.976,05/11/2015,0.904,05/11/2015,1.520912548
20/11/2015,0.967,06/11/2015,0.9788,06/11/2015,1.504890895
23/11/2015,0.961,09/11/2015,0.9838,09/11/2015,1.511487304
24/11/2015,0.955,10/11/2015,0.9685,10/11/2015,1.51194436
25/11/2015,0.9585,11/11/2015,0.9815,11/11/2015,1.521375323
26/11/2015,0.9575,12/11/2015,0.9741,12/11/2015,1.523229246
27/11/2015,0.94,13/11/2015,0.9353,13/11/2015,1.523693433
30/11/2015,0.938,16/11/2015,0.938,16/11/2015,1.520218912
01/12/2015,0.9195,17/11/2015,0.9397,17/11/2015,1.521375323
02/12/2015,0.9495,18/11/2015,0.9565,18/11/2015,1.523693433
03/12/2015,0.9915,19/11/2015,0.95,19/11/2015,1.529051988
04/12/2015,1.003,20/11/2015,0.959,20/11/2015,1.519064256
07/12/2015,0.9865,23/11/2015,0.986,23/11/2015,1.512172993
08/12/2015,0.991,24/11/2015,0.9865,24/11/2015,1.508295626
09/12/2015,0.995,25/11/2015,0.987,25/11/2015,1.512859304
10/12/2015,1.0075,26/11/2015,0.9935,26/11/2015,1.510117789
11/12/2015,0.9845,27/11/2015,0.982,27/11/2015,1.503759398
14/12/2015,1.004,30/11/2015,0.9928,30/11/2015,1.505570611
15/12/2015,1.0225,01/12/2015,0.9682,01/12/2015,1.508295626
16/12/2015,1.022,02/12/2015,1.0015,02/12/2015,1.495215311
17/12/2015,1.021,03/12/2015,1.0348,03/12/2015,1.514463123
18/12/2015,1.014,04/12/2015,1.0345,04/12/2015,1.511258879
21/12/2015,1.0165,07/12/2015,1.041,07/12/2015,1.505570611
22/12/2015,1.03,08/12/2015,1.0474,08/12/2015,1.500825454
23/12/2015,1.0445,09/12/2015,1.0303,09/12/2015,1.518141794
24/12/2015,1.058,10/12/2015,1.0555,10/12/2015,1.516070346
25/12/2015,1.059,11/12/2015,0.9883,11/12/2015,1.522765342
28/12/2015,1.057,14/12/2015,1.0183,14/12/2015,1.514233798
29/12/2015,1.0805,15/12/2015,1.0371,15/12/2015,1.503985562
30/12/2015,1.099,16/12/2015,1.0808,16/12/2015,1.500375094
31/12/2015,1.094,17/12/2015,1.0883,17/12/2015,1.490312966
01/01/2016,1.0995,18/12/2015,1.0898,18/12/2015,1.489646954
04/01/2016,1.0465,21/12/2015,1.1,21/12/2015,1.488538255
05/01/2016,1.0185,22/12/2015,1.112,22/12/2015,1.482799526
06/01/2016,0.9865,23/12/2015,1.1201,23/12/2015,1.486988848
07/01/2016,0.9615,24/12/2015,1.1295,24/12/2015,1.490979574
08/01/2016,0.94,25/12/2015,1.1295,25/12/2015,1.483679525
11/01/2016,0.9255,28/12/2015,1.14,28/12/2015,1.487873828
12/01/2016,0.9075,29/12/2015,1.1768,29/12/2015,1.481700993
13/01/2016,0.9195,30/12/2015,1.1815,30/12/2015,1.481481481
14/01/2016,0.9115,31/12/2015,1.179,31/12/2015,1.473622163
15/01/2016,0.831,01/01/2016,1.1795,01/01/2016,1.477541371
18/01/2016,0.8675,04/01/2016,1.1529,04/01/2016,1.471670346
19/01/2016,0.8635,05/01/2016,1.1323,05/01/2016,1.467351431
20/01/2016,0.827,06/01/2016,1.0878,06/01/2016,1.463057791
21/01/2016,0.8515,07/01/2016,1.043,07/01/2016,1.461774594
22/01/2016,0.8695,08/01/2016,1.0195,08/01/2016,1.451800232
25/01/2016,0.8585,11/01/2016,1.024,11/01/2016,1.454333915
26/01/2016,0.861,12/01/2016,0.9959,12/01/2016,1.444877908
27/01/2016,0.873,13/01/2016,0.9861,13/01/2016,1.440714594
28/01/2016,0.8595,14/01/2016,0.9618,14/01/2016,1.441337561
29/01/2016,0.782,15/01/2016,0.91,15/01/2016,1.42551675
01/02/2016,0.8215,18/01/2016,0.8995,18/01/2016,1.424298533
02/02/2016,0.7885,19/01/2016,0.933,19/01/2016,1.415828968
03/02/2016,0.768,20/01/2016,0.8925,20/01/2016,1.419043565
04/02/2016,0.774,21/01/2016,0.902,21/01/2016,1.422070535
05/02/2016,0.782,22/01/2016,0.9363,22/01/2016,1.426330053
08/02/2016,0.758,25/01/2016,0.9196,25/01/2016,1.424907381
09/02/2016,0.728,26/01/2016,0.905,26/01/2016,1.434926101
10/02/2016,0.758,27/01/2016,0.901,27/01/2016,1.423284942
11/02/2016,0.688,28/01/2016,0.8893,28/01/2016,1.436162574
12/02/2016,0.748,29/01/2016,0.8403,29/01/2016,1.424501425
15/02/2016,0.753,01/02/2016,0.8637,01/02/2016,1.443418014
16/02/2016,0.749,02/02/2016,0.7914,02/02/2016,1.44092219
17/02/2016,0.7805,03/02/2016,0.7843,03/02/2016,1.460280374
18/02/2016,0.7795,04/02/2016,0.7823,04/02/2016,1.459002043
19/02/2016,0.77,05/02/2016,0.8165,05/02/2016,1.450116009
22/02/2016,0.77,08/02/2016,0.7685,08/02/2016,1.443209698
23/02/2016,0.7775,09/02/2016,0.7636,09/02/2016,1.447178003
24/02/2016,0.7445,10/02/2016,0.7349,10/02/2016,1.452432825
25/02/2016,0.7115,11/02/2016,0.7169,11/02/2016,1.447596989
26/02/2016,0.734,12/02/2016,0.7735,12/02/2016,1.450536699
29/02/2016,0.7135,15/02/2016,0.786,15/02/2016,1.443418014
01/03/2016,0.733,16/02/2016,0.7733,16/02/2016,1.430615165
02/03/2016,0.7625,17/02/2016,0.7965,17/02/2016,1.429183936
03/03/2016,0.766,18/02/2016,0.7668,18/02/2016,1.434102969
04/03/2016,0.7885,19/02/2016,0.8055,19/02/2016,1.440714594
07/03/2016,0.799,22/02/2016,0.81,22/02/2016,1.415027593
08/03/2016,0.775,23/02/2016,0.7873,23/02/2016,1.402131239
09/03/2016,0.7805,24/02/2016,0.803,24/02/2016,1.39256371
10/03/2016,0.808,25/02/2016,0.7783,25/02/2016,1.396258028
11/03/2016,0.844,26/02/2016,0.8345,26/02/2016,1.387347392
14/03/2016,0.843,29/02/2016,0.8303,29/02/2016,1.391788448
15/03/2016,0.831,01/03/2016,0.8857,01/03/2016,1.394894685
16/03/2016,0.8465,02/03/2016,0.8953,02/03/2016,1.407855836
17/03/2016,0.8225,03/03/2016,0.888,03/03/2016,1.417434444
18/03/2016,0.818,04/03/2016,0.9163,04/03/2016,1.422677479
21/03/2016,0.8275,07/03/2016,0.953,07/03/2016,1.426533524
22/03/2016,0.827,08/03/2016,0.9125,08/03/2016,1.421666193
23/03/2016,0.806,09/03/2016,0.9393,09/03/2016,1.421666193
24/03/2016,0.823,10/03/2016,0.9794,10/03/2016,1.427959446
25/03/2016,0.823,11/03/2016,1.0142,11/03/2016,1.438021283
28/03/2016,0.823,14/03/2016,1.0098,14/03/2016,1.43020595
29/03/2016,0.809,15/03/2016,1.031,15/03/2016,1.415027593
30/03/2016,0.812,16/03/2016,0.9293,16/03/2016,1.42612664
31/03/2016,0.796,17/03/2016,0.935,17/03/2016,1.448225923
01/04/2016,0.7875,18/03/2016,0.9165,18/03/2016,1.447596989
04/04/2016,0.796,21/03/2016,0.9542,21/03/2016,1.436988073
05/04/2016,0.76,22/03/2016,0.982,22/03/2016,1.420858198
06/04/2016,0.7625,23/03/2016,0.959,23/03/2016,1.411631846
07/04/2016,0.752,24/03/2016,0.9723,24/03/2016,1.415227852
08/04/2016,0.762,25/03/2016,0.9725,25/03/2016,1.413427562
11/04/2016,0.7765,28/03/2016,0.9678,28/03/2016,1.425313569
12/04/2016,0.804,29/03/2016,0.8928,29/03/2016,1.438641922
13/04/2016,0.8115,30/03/2016,0.8635,30/03/2016,1.437814522
14/04/2016,0.816,31/03/2016,0.8413,31/03/2016,1.436162574
15/04/2016,0.8005,01/04/2016,0.8714,01/04/2016,1.422677479
18/04/2016,0.8155,04/04/2016,0.8595,04/04/2016,1.426330053
19/04/2016,0.8315,05/04/2016,0.8368,05/04/2016,1.416029453
20/04/2016,0.839,06/04/2016,0.8561,06/04/2016,1.412229911
21/04/2016,0.8615,07/04/2016,0.8255,07/04/2016,1.405678943
22/04/2016,0.868,08/04/2016,0.8452,08/04/2016,1.412628902
25/04/2016,0.8725,11/04/2016,0.844,11/04/2016,1.423690205
26/04/2016,0.8905,12/04/2016,0.868,12/04/2016,1.427551749
27/04/2016,0.881,13/04/2016,0.8678,13/04/2016,1.420454545
28/04/2016,0.8725,14/04/2016,0.8828,14/04/2016,1.415628539
29/04/2016,0.8695,15/04/2016,0.857,15/04/2016,1.420454545
02/05/2016,0.8695,18/04/2016,0.8688,18/04/2016,1.427755568
03/05/2016,0.8335,19/04/2016,0.8955,19/04/2016,1.439884809
04/05/2016,0.8255,20/04/2016,0.9353,20/04/2016,1.43307538
05/05/2016,0.8,21/04/2016,0.9418,21/04/2016,1.432254368
06/05/2016,0.779,22/04/2016,0.9518,22/04/2016,1.440714594
09/05/2016,0.7545,25/04/2016,0.965,25/04/2016,1.448225923
10/05/2016,0.7595,26/04/2016,0.971,26/04/2016,1.458151064
11/05/2016,0.7645,27/04/2016,0.937,27/04/2016,1.454333915
12/05/2016,0.7805,28/04/2016,0.918,28/04/2016,1.460706982
13/05/2016,0.766,29/04/2016,0.9189,29/04/2016,1.46113384
16/05/2016,0.7685,02/05/2016,0.9335,02/05/2016,1.467351431
17/05/2016,0.766,03/05/2016,0.898,03/05/2016,1.453488372
18/05/2016,0.796,04/05/2016,0.8818,04/05/2016,1.449485433
19/05/2016,0.816,05/05/2016,0.8595,05/05/2016,1.448435689
20/05/2016,0.8225,06/05/2016,0.8747,06/05/2016,1.442793248
23/05/2016,0.819,09/05/2016,0.8463,09/05/2016,1.440714594
24/05/2016,0.856,10/05/2016,0.8613,10/05/2016,1.444460494
25/05/2016,0.8545,11/05/2016,0.8655,11/05/2016,1.444669171
26/05/2016,0.844,12/05/2016,0.889,12/05/2016,1.445086705
27/05/2016,0.843,13/05/2016,0.882,13/05/2016,1.436162574
30/05/2016,0.843,16/05/2016,0.9133,16/05/2016,1.440092166
31/05/2016,0.8315,17/05/2016,0.9515,17/05/2016,1.446340758
01/06/2016,0.808,18/05/2016,1.0088,18/05/2016,1.459854015
02/06/2016,0.775,19/05/2016,1.0175,19/05/2016,1.46113384
03/06/2016,0.727,20/05/2016,1.0157,20/05/2016,1.449905756
06/06/2016,0.717,23/05/2016,1.0304,23/05/2016,1.448435689
07/06/2016,0.732,24/05/2016,1.0555,24/05/2016,1.463486024
08/06/2016,0.733,25/05/2016,1.0472,25/05/2016,1.469723692
09/06/2016,0.742,26/05/2016,1.0085,26/05/2016,1.466920933
10/06/2016,0.747,27/05/2016,1.064,27/05/2016,1.462202076
13/06/2016,0.726,30/05/2016,1.079,30/05/2016,1.463914507
14/06/2016,0.698,31/05/2016,1.0295,31/05/2016,1.448225923
15/06/2016,0.697,01/06/2016,1.0465,01/06/2016,1.441545337
16/06/2016,0.702,02/06/2016,1.0353,02/06/2016,1.442377037
17/06/2016,0.726,03/06/2016,0.9245,03/06/2016,1.451800232
20/06/2016,0.81,06/06/2016,0.94,06/06/2016,1.444043321
21/06/2016,0.806,07/06/2016,0.9228,07/06/2016,1.454545455
22/06/2016,0.808,08/06/2016,0.9195,08/06/2016,1.450536699
23/06/2016,0.842,09/06/2016,0.9081,09/06/2016,1.44571346
24/06/2016,0.6035,10/06/2016,0.8727,10/06/2016,1.42551675
27/06/2016,0.5235,13/06/2016,0.8544,13/06/2016,1.427144284
28/06/2016,0.559,14/06/2016,0.874,14/06/2016,1.411631846
29/06/2016,0.5665,15/06/2016,0.8232,15/06/2016,1.420454545
30/06/2016,0.5005,16/06/2016,0.8318,16/06/2016,1.420252805
01/07/2016,0.5045,17/06/2016,0.8468,17/06/2016,1.435956347
04/07/2016,0.4935,20/06/2016,0.8915,20/06/2016,1.468860165
05/07/2016,0.4765,21/06/2016,0.8973,21/06/2016,1.465201465
06/07/2016,0.4925,22/06/2016,0.877,22/06/2016,1.47080453
,,23/06/2016,0.9145,23/06/2016,1.487652484
,,24/06/2016,0.7513,24/06/2016,1.367240908
,,27/06/2016,0.7128,27/06/2016,1.322751323
,,28/06/2016,0.7335,28/06/2016,1.334400854
,,29/06/2016,0.7718,29/06/2016,1.34264232
,,30/06/2016,0.7345,30/06/2016,1.331203408
,,01/07/2016,0.757,01/07/2016,1.327140013
,,04/07/2016,0.764,04/07/2016,1.328903654
,,05/07/2016,0.7285,05/07/2016,1.302252898
,,06/07/2016,0.7537,06/07/2016,1.295504599
